Sample,Disease,Amplicon_id,Segment
TCGA-CS-6669-01A-11_WGS260080596322_CNV4495,TCGA-LGG,1,chr19:634031-634095
TCGA-27-1831-01A-01_WGS189066222929_CNV10805,TCGA-GBM,2,chr19:7304491-7344986
TCGA-HT-7475-01A-11_WGS24908749731_CNV11614,TCGA-LGG,6,chr19:7309963-7344986
TCGA-06-0125-01A-01_WGS335134030397_CNV19272,TCGA-GBM,3,chr19:11359430-11359722
TCGA-06-0125-01A-01_WGS335134030397_CNV19272,TCGA-GBM,11,chr19:19917368-19919751
TCGA-HT-7472-01A-11_WGS15974265972_CNV11892,TCGA-LGG,1,chr19:31288117-31288540
TCGA-HT-7472-01A-11_WGS15974265972_CNV11892,TCGA-LGG,3,chr19:36564757-36568094
TCGA-32-1970-01A-01_WGS155886788544_CNV21493,TCGA-GBM,14,chr19:39035031-39114705
TCGA-32-1970-01A-01_WGS155886788544_CNV21493,TCGA-GBM,15,chr19:39141712-39198172
TCGA-32-1970-01A-01_WGS155886788544_CNV21493,TCGA-GBM,16,chr19:39356962-39517417
TCGA-32-1970-01A-01_WGS155886788544_CNV21493,TCGA-GBM,8,chr19:39939990-39947497
TCGA-32-1970-01A-01_WGS155886788544_CNV21493,TCGA-GBM,11,chr19:40201235-40246076
TCGA-DU-7010-01A-11_WGS19533072962_CNV24620,TCGA-LGG,5,chr19:40218028-40315876
TCGA-32-1970-01A-01_WGS155886788544_CNV21493,TCGA-GBM,12,chr19:40300650-40334719
TCGA-32-1970-01A-01_WGS155886788544_CNV21493,TCGA-GBM,5,chr19:40448137-40521371
TCGA-DU-7010-01A-11_WGS19533072962_CNV24620,TCGA-LGG,5,chr19:40604033-40818607
TCGA-32-1970-01A-01_WGS155886788544_CNV21493,TCGA-GBM,4,chr19:42070963-42091591
TCGA-32-1970-01A-01_WGS155886788544_CNV21493,TCGA-GBM,16,chr19:43091289-43111917
TCGA-32-1970-01A-01_WGS155886788544_CNV21493,TCGA-GBM,16,chr19:43156475-43177102
TCGA-DU-7010-01A-11_WGS19533072962_CNV24620,TCGA-LGG,5,chr19:43276974-43477431
TCGA-DU-7010-01A-11_WGS19533072962_CNV24620,TCGA-LGG,5,chr19:43749231-43959118
TCGA-DU-7010-01A-11_WGS19533072962_CNV24620,TCGA-LGG,5,chr19:44062919-44311330
TCGA-32-1970-01A-01_WGS155886788544_CNV21493,TCGA-GBM,16,chr19:44406368-44426996
TCGA-DU-7010-01A-11_WGS19533072962_CNV24620,TCGA-LGG,5,chr19:45075838-45336013
TCGA-DU-7010-01A-11_WGS19533072962_CNV24620,TCGA-LGG,5,chr19:45500342-45770799
TCGA-DU-7010-01A-11_WGS19533072962_CNV24620,TCGA-LGG,5,chr19:46554549-46928799
TCGA-DU-7010-01A-11_WGS19533072962_CNV24620,TCGA-LGG,5,chr19:47046071-47258955
TCGA-CS-6186-01A-12_WGS16606025488_CNV8521,TCGA-LGG,1,chr19:47948255-47948861
TCGA-DU-7010-01A-11_WGS19533072962_CNV24620,TCGA-LGG,1,chr19:49277460-49376360
TCGA-DU-7010-01A-11_WGS19533072962_CNV24620,TCGA-LGG,5,chr19:50056512-50256968
TCGA-DU-7010-01A-11_WGS19533072962_CNV24620,TCGA-LGG,5,chr19:50601864-50829027
TCGA-DU-7010-01A-11_WGS19533072962_CNV24620,TCGA-LGG,5,chr19:51938418-52204558
TCGA-DU-7010-01A-11_WGS19533072962_CNV24620,TCGA-LGG,5,chr19:53000011-53493758
TCGA-DU-7010-01A-11_WGS19533072962_CNV24620,TCGA-LGG,5,chr19:54208166-54437110
TCGA-DU-7010-01A-11_WGS19533072962_CNV24620,TCGA-LGG,5,chr19:55023014-55234413
TCGA-DU-7010-01A-11_WGS19533072962_CNV24620,TCGA-LGG,5,chr19:55290840-55534250
TCGA-DU-7010-01A-11_WGS19533072962_CNV24620,TCGA-LGG,5,chr19:55792743-55993391
TCGA-DU-7010-01A-11_WGS19533072962_CNV24620,TCGA-LGG,5,chr19:56651813-56852270
TCGA-32-1970-01A-01_WGS155886788544_CNV21493,TCGA-GBM,6,chr19:57359799-57397510
TCGA-32-1970-01A-01_WGS155886788544_CNV21493,TCGA-GBM,4,chr19:58061528-58106196
TCGA-32-1970-01A-01_WGS155886788544_CNV21493,TCGA-GBM,7,chr19:58668387-58724943
TCGA-DU-7010-01A-11_WGS19533072962_CNV24620,TCGA-LGG,5,chr19:58711727-58928472
TCGA-FN-7833-01A-11_WGS9522420914_CNV9067,TCGA-LGG,2,chr3:7325665-7326554
TCGA-06-0125-01A-01_WGS335134030397_CNV19272,TCGA-GBM,4,chr3:35294561-35295373
TCGA-DU-6405-01A-11_WGS18996176418_CNV10077,TCGA-LGG,1,chr3:98554454-98554905
TCGA-06-0157-01A-01_WGS175842644203_CNV8730,TCGA-GBM,4,chr3:98554791-98555306
TCGA-06-0125-01A-01_WGS335134030397_CNV37585,TCGA-GBM,7,chr3:153013952-153013996
TCGA-HT-7472-01A-11_WGS15974265972_CNV11892,TCGA-LGG,2,chr3:190124221-190125266
TCGA-DU-6392-01A-11_WGS16463342614_CNV7481,TCGA-LGG,2,chr3:191284678-191284700
TCGA-27-2528-01A-01_WGS161355409377_CNV14959,TCGA-GBM,1,chr6:6605862-6606182
TCGA-FG-6690-01A-11_WGS14056712852_CNV8321,TCGA-LGG,1,chr6:6605862-6606182
TCGA-DU-7294-01A-11_WGS21299990470_CNV6828,TCGA-LGG,1,chr6:22905352-22905803
TCGA-DU-7301-01A-11_WGS133571248575_CNV8981,TCGA-LGG,1,chr6:22905352-22905832
TCGA-CS-6186-01A-12_WGS16606025488_CNV8521,TCGA-LGG,2,chr6:24947771-24947805
TCGA-CS-5396-01A-02_WGS17114098666_CNV6463,TCGA-LGG,1,chr6:24947771-24947805
TCGA-DU-5870-01A-11_WGS218780955385_CNV4871,TCGA-LGG,1,chr6:33610980-33611634
TCGA-DU-5870-01A-11_WGS218780955385_CNV4871,TCGA-LGG,4,chr6:44523858-44524483
TCGA-06-0210-01A-01_WGS305000218103_CNV12698,TCGA-GBM,1,chr6:100688973-100689472
TCGA-19-5960-01A-11_WGS201448065239_CNV18602,TCGA-GBM,1,chr6:106684550-107996929
TCGA-DU-7010-01A-11_WGS19533072962_CNV24620,TCGA-LGG,5,chr6:104339084-108392241
TCGA-DU-6392-01A-11_WGS16463342614_CNV7481,TCGA-LGG,1,chr6:122377512-122377707
TCGA-DU-6401-01A-11_WGS250203284563_CNV8190,TCGA-LGG,1,chr6:129076519-129079265
TCGA-DU-7304-01A-12_WGS219366102280_CNV9075,TCGA-LGG,1,chr6:135342253-135343238
TCGA-19-5960-01A-11_WGS201448065239_CNV18602,TCGA-GBM,5,chr6:153045912-153047748
TCGA-DU-6397-01A-11_WGS231594682782_CNV8188,TCGA-LGG,2,chr6:155541145-155541886
TCGA-19-5960-01A-11_WGS201448065239_CNV18602,TCGA-GBM,6,chr6:155274328-157247663
TCGA-FG-5963-01A-11_WGS23930448553_CNV40235,TCGA-LGG,3,chr6:162252601-162252915
TCGA-HT-7473-01A-11_WGS22757740355_CNV13548,TCGA-LGG,1,chr6:170064574-170064843
TCGA-19-5960-01A-11_WGS201448065239_CNV18602,TCGA-GBM,7,chr6:170048113-171115067
TCGA-06-0210-01A-01_WGS305000218103_CNV12698,TCGA-GBM,3,chr2:4813976-5114749
TCGA-06-0210-01A-01_WGS305000218103_CNV12698,TCGA-GBM,3,chr2:5130682-5491386
TCGA-06-0210-01A-01_WGS305000218103_CNV12698,TCGA-GBM,3,chr2:5844046-6092517
TCGA-06-0210-01A-01_WGS305000218103_CNV12698,TCGA-GBM,3,chr2:7047972-7305114
TCGA-FN-7833-01A-11_WGS9522420914_CNV9067,TCGA-LGG,3,chr2:17569451-17570867
TCGA-06-0157-01A-01_WGS175842644203_CNV8730,TCGA-GBM,4,chr2:49212347-49212862
TCGA-06-0157-01A-01_WGS175842644203_CNV8730,TCGA-GBM,1,chr2:81796809-81796813
TCGA-06-0157-01A-01_WGS175842644203_CNV8730,TCGA-GBM,4,chr2:85045135-85045650
TCGA-06-0125-01A-01_WGS335134030397_CNV19272,TCGA-GBM,2,chr2:123851176-123851382
TCGA-DU-5870-01A-11_WGS218780955385_CNV4871,TCGA-LGG,2,chr2:179538422-179549544
TCGA-27-2528-01A-01_WGS161355409377_CNV14959,TCGA-GBM,2,chr2:202423394-202423704
TCGA-06-0125-01A-01_WGS335134030397_CNV19272,TCGA-GBM,1,chr2:208362440-208362756
TCGA-06-0125-01A-01_WGS335134030397_CNV37585,TCGA-GBM,4,chr2:208362440-208362916
TCGA-06-0125-01A-01_WGS335134030397_CNV37585,TCGA-GBM,5,chr2:217860467-217861242
TCGA-DU-6401-01A-11_WGS250203284563_CNV8190,TCGA-LGG,2,chr2:222471012-222471516
TCGA-DU-7290-01A-11_WGS17207826527_CNV8772,TCGA-LGG,1,chr2:226576714-226581051
TCGA-DU-5849-01A-11_WGS34155857183_CNV6968,TCGA-LGG,2,chr2:228971077-228973424
TCGA-DU-6403-01A-11_WGS18622166897_CNV9069,TCGA-LGG,3,chr2:231390956-231391431
TCGA-06-2557-01A-01_WGS153581772822_CNV12850,TCGA-GBM,2,chr7:4155557-4408777
TCGA-06-2557-01A-01_WGS153581772822_CNV12850,TCGA-GBM,2,chr7:4682592-4703171
TCGA-06-2557-01A-01_WGS153581772822_CNV12850,TCGA-GBM,2,chr7:5340683-5746672
TCGA-06-0190-01A-01_WGS343879403349_CNV10115,TCGA-GBM,1,chr7:6221096-6223490
TCGA-DU-7010-01A-11_WGS19533072962_CNV24620,TCGA-LGG,2,chr7:12988849-12989925
TCGA-27-2528-01A-01_WGS161355409377_CNV14959,TCGA-GBM,5,chr7:24039877-24040383
TCGA-27-2523-01A-01_WGS184607367365_CNV14495,TCGA-GBM,2,chr7:24039877-24040383
TCGA-DU-7010-01A-11_WGS19533072962_CNV24620,TCGA-LGG,3,chr7:24039877-24040383
TCGA-06-5411-01A-01_WGS187991727478_CNV6672,TCGA-GBM,3,chr7:24039877-24040383
TCGA-06-2570-01A-01_WGS183845965480_CNV10380,TCGA-GBM,2,chr7:24039877-24040383
TCGA-32-1970-01A-01_WGS155886788544_CNV21493,TCGA-GBM,2,chr7:25635633-25985342
TCGA-27-2528-01A-01_WGS161355409377_CNV14959,TCGA-GBM,4,chr7:27875103-28085656
TCGA-32-1970-01A-01_WGS155886788544_CNV21493,TCGA-GBM,1,chr7:27664193-29199869
TCGA-27-2528-01A-01_WGS161355409377_CNV14959,TCGA-GBM,4,chr7:28177641-29724221
TCGA-FN-7833-01A-11_WGS9522420914_CNV9067,TCGA-LGG,4,chr7:30103807-30106916
TCGA-27-2528-01A-01_WGS161355409377_CNV14959,TCGA-GBM,4,chr7:30786459-31119897
TCGA-19-2620-01A-01_WGS194803658213_CNV13743,TCGA-GBM,2,chr7:33008643-33009233
TCGA-06-2557-01A-01_WGS153581772822_CNV12850,TCGA-GBM,2,chr7:32986977-33060436
TCGA-CS-4941-01A-01_WGS29623634762_CNV9506,TCGA-LGG,4,chr7:32906291-33106724
TCGA-HT-A61B-01A-11_WGS226879757338_CNV20422,TCGA-LGG,4,chr7:32906291-33106724
TCGA-DU-7292-01A-11_WGS20082704985_CNV8809,TCGA-LGG,1,chr7:32902634-33147913
TCGA-FG-6692-01A-11_WGS15390701684_CNV8635,TCGA-LGG,1,chr7:32872634-33163842
TCGA-32-1970-01A-01_WGS155886788544_CNV21493,TCGA-GBM,4,chr7:34090733-34115730
TCGA-32-1970-01A-01_WGS155886788544_CNV21493,TCGA-GBM,3,chr7:34767610-34783285
TCGA-14-1823-01A-01_WGS183187225552_CNV16154,TCGA-GBM,3,chr7:35977330-35977943
TCGA-32-1970-01A-01_WGS155886788544_CNV21493,TCGA-GBM,13,chr7:37461425-37462053
TCGA-32-1970-01A-01_WGS155886788544_CNV21493,TCGA-GBM,13,chr7:38857669-38878296
TCGA-06-2557-01A-01_WGS153581772822_CNV12850,TCGA-GBM,1,chr7:39913002-39913409
TCGA-FG-6692-01A-11_WGS15390701684_CNV8635,TCGA-LGG,1,chr7:39803404-40003865
TCGA-CS-4941-01A-01_WGS29623634762_CNV9506,TCGA-LGG,3,chr7:39813002-40013272
TCGA-HT-A61B-01A-11_WGS226879757338_CNV20422,TCGA-LGG,3,chr7:39813002-40013272
TCGA-DU-7292-01A-11_WGS20082704985_CNV8809,TCGA-LGG,3,chr7:39813002-40013409
TCGA-HT-7475-01A-11_WGS24908749731_CNV11614,TCGA-LGG,2,chr7:43934859-44135015
TCGA-DU-5852-01A-11_WGS35848450241_CNV11395,TCGA-LGG,2,chr7:45762002-45964925
TCGA-14-1823-01A-01_WGS183187225552_CNV16154,TCGA-GBM,3,chr7:43302683-47301671
TCGA-06-0744-01A-01_WGS198281477914_CNV16762,TCGA-GBM,5,chr7:48144325-48144731
TCGA-14-1823-01A-01_WGS183187225552_CNV16154,TCGA-GBM,2,chr7:47302665-49160622
TCGA-19-2620-01A-01_WGS194803658213_CNV13743,TCGA-GBM,2,chr7:50412135-50729952
TCGA-CS-4941-01A-01_WGS29623634762_CNV9506,TCGA-LGG,4,chr7:51244167-51594586
TCGA-HT-A61B-01A-11_WGS226879757338_CNV20422,TCGA-LGG,4,chr7:51244167-51594586
TCGA-FG-6690-01A-11_WGS14056712852_CNV8321,TCGA-LGG,2,chr7:52558570-52559152
TCGA-FG-5963-01A-11_WGS23930448553_CNV40235,TCGA-LGG,2,chr7:52636726-52842396
TCGA-06-0744-01A-01_WGS198281477914_CNV16762,TCGA-GBM,3,chr7:52736726-52842396
TCGA-FG-6688-01A-11_WGS11382188140_CNV5058,TCGA-LGG,3,chr7:54462438-55333361
TCGA-27-2528-01A-01_WGS161355409377_CNV14959,TCGA-GBM,3,chr7:54827177-55380677
TCGA-14-2554-01A-01_WGS170847059960_CNV17135,TCGA-GBM,2,chr7:54704349-55397964
TCGA-06-0125-01A-01_WGS335134030397_CNV19272,TCGA-GBM,6,chr7:54733063-55408485
TCGA-06-0744-01A-01_WGS198281477914_CNV16762,TCGA-GBM,1,chr7:54635122-55464891
TCGA-06-0125-01A-01_WGS335134030397_CNV37585,TCGA-GBM,8,chr7:54541958-55483833
TCGA-27-1831-01A-01_WGS189066222929_CNV10805,TCGA-GBM,1,chr7:54687732-55520677
TCGA-DU-6403-01A-11_WGS18622166897_CNV9069,TCGA-LGG,3,chr7:49669201-55586539
TCGA-06-5415-01A-01_WGS179968116204_CNV18987,TCGA-GBM,2,chr7:54382320-55595350
TCGA-27-2523-01A-01_WGS184607367365_CNV14495,TCGA-GBM,1,chr7:54852246-55603880
TCGA-06-0157-01A-01_WGS175842644203_CNV8730,TCGA-GBM,4,chr7:54584027-55623571
TCGA-DU-6405-01A-11_WGS18996176418_CNV10077,TCGA-LGG,1,chr7:54557963-55758047
TCGA-19-2620-01A-01_WGS194803658213_CNV13743,TCGA-GBM,2,chr7:54196394-55855342
TCGA-06-0745-01A-01_WGS150268150035_CNV11663,TCGA-GBM,1,chr7:53481663-55919326
TCGA-27-2528-01A-01_WGS161355409377_CNV14959,TCGA-GBM,3,chr7:55750100-55994663
TCGA-DU-5854-01A-11_WGS32166957773_CNV10374,TCGA-LGG,1,chr7:53697096-56103680
TCGA-FG-6692-01A-11_WGS15390701684_CNV8635,TCGA-LGG,2,chr7:54567664-56167600
TCGA-DU-6405-01A-11_WGS18996176418_CNV10077,TCGA-LGG,1,chr7:56263796-56364246
TCGA-26-5132-01A-01_WGS193256276301_CNV13822,TCGA-GBM,2,chr7:52974995-56588629
TCGA-DU-5852-01A-11_WGS35848450241_CNV11395,TCGA-LGG,1,chr7:54153879-57159964
TCGA-CS-4941-01A-01_WGS29623634762_CNV9506,TCGA-LGG,4,chr7:52731445-57483838
TCGA-HT-A61B-01A-11_WGS226879757338_CNV20422,TCGA-LGG,4,chr7:52731445-57483838
TCGA-DU-7292-01A-11_WGS20082704985_CNV8809,TCGA-LGG,5,chr7:53917292-57770527
TCGA-CS-4941-01A-01_WGS29623634762_CNV9506,TCGA-LGG,4,chr7:57495105-57805524
TCGA-HT-A61B-01A-11_WGS226879757338_CNV20422,TCGA-LGG,4,chr7:57495105-57805524
TCGA-06-2557-01A-01_WGS153581772822_CNV12850,TCGA-GBM,2,chr7:49840032-63141038
TCGA-32-1970-01A-01_WGS155886788544_CNV21493,TCGA-GBM,13,chr7:41411093-63400146
TCGA-32-1970-01A-01_WGS155886788544_CNV21493,TCGA-GBM,13,chr7:63635205-63635833
TCGA-DU-7292-01A-11_WGS20082704985_CNV8809,TCGA-LGG,5,chr7:62065848-64656278
TCGA-06-2557-01A-01_WGS153581772822_CNV12850,TCGA-GBM,2,chr7:64448279-64673679
TCGA-06-2557-01A-01_WGS153581772822_CNV12850,TCGA-GBM,2,chr7:65132069-65392649
TCGA-DU-7292-01A-11_WGS20082704985_CNV8809,TCGA-LGG,5,chr7:65149269-70459700
TCGA-19-2620-01A-01_WGS194803658213_CNV13743,TCGA-GBM,3,chr7:73714017-73717444
TCGA-HT-7475-01A-11_WGS24908749731_CNV11614,TCGA-LGG,1,chr7:74466369-74483811
TCGA-06-2557-01A-01_WGS153581772822_CNV12850,TCGA-GBM,2,chr7:72270284-77295789
TCGA-DU-6403-01A-11_WGS18622166897_CNV9069,TCGA-LGG,4,chr7:77866499-77866711
TCGA-06-2557-01A-01_WGS153581772822_CNV12850,TCGA-GBM,2,chr7:79594833-80900223
TCGA-14-1823-01A-01_WGS183187225552_CNV16154,TCGA-GBM,1,chr7:49163466-82968060
TCGA-14-1823-01A-01_WGS183187225552_CNV16154,TCGA-GBM,3,chr7:82968959-86800436
TCGA-27-2528-01A-01_WGS161355409377_CNV14959,TCGA-GBM,4,chr7:87921914-87922468
TCGA-15-1444-01A-02_WGS199247270397_CNV12244,TCGA-GBM,2,chr7:92228399-92503742
TCGA-15-1444-01A-02_WGS199247270397_CNV12244,TCGA-GBM,1,chr7:92514406-92623141
TCGA-06-2557-01A-01_WGS153581772822_CNV12850,TCGA-GBM,2,chr7:90935951-94897653
TCGA-14-1823-01A-01_WGS183187225552_CNV16154,TCGA-GBM,1,chr7:86802024-94954696
TCGA-06-0125-01A-01_WGS335134030397_CNV19272,TCGA-GBM,7,chr7:97500307-97500634
TCGA-FG-6691-01A-11_WGS13403012834_CNV5675,TCGA-LGG,1,chr7:108619193-108864879
TCGA-19-5960-01A-11_WGS201448065239_CNV18602,TCGA-GBM,8,chr7:111561320-111655226
TCGA-27-2528-01A-01_WGS161355409377_CNV14959,TCGA-GBM,3,chr7:127989211-130850767
TCGA-06-0125-01A-01_WGS335134030397_CNV37585,TCGA-GBM,9,chr7:132312480-132312735
TCGA-06-0125-01A-01_WGS335134030397_CNV37585,TCGA-GBM,6,chr7:140811244-140815879
TCGA-19-5960-01A-11_WGS201448065239_CNV18602,TCGA-GBM,2,chr7:143640572-143641156
TCGA-HT-7475-01A-11_WGS24908749731_CNV11614,TCGA-LGG,4,chr7:84348411-147899754
TCGA-27-2528-01A-01_WGS161355409377_CNV14959,TCGA-GBM,4,chr7:150454922-150910529
TCGA-DU-6399-01A-12_WGS19012805422_CNV10805,TCGA-LGG,2,chr7:156265336-156265575
TCGA-06-2557-01A-01_WGS153581772822_CNV12850,TCGA-GBM,2,chr7:157317878-157318458
TCGA-14-2554-01A-01_WGS170847059960_CNV17135,TCGA-GBM,4,chr7:157338365-157350840
TCGA-06-0157-01A-01_WGS175842644203_CNV8730,TCGA-GBM,5,chr9:4144650-4149907
TCGA-DU-5849-01A-11_WGS34155857183_CNV6968,TCGA-LGG,1,chr9:33803004-33803889
TCGA-DU-6402-01A-11_WGS18503481739_CNV13344,TCGA-LGG,1,chr9:33803004-33803889
TCGA-06-0744-01A-01_WGS198281477914_CNV16762,TCGA-GBM,6,chr9:80010163-80436330
TCGA-DU-7007-01A-11_WGS15045410161_CNV5518,TCGA-LGG,1,chr9:80932045-80932494
TCGA-06-0744-01A-01_WGS198281477914_CNV16762,TCGA-GBM,6,chr9:83147653-83452214
TCGA-06-0744-01A-01_WGS198281477914_CNV16762,TCGA-GBM,4,chr9:86486432-86703557
TCGA-CS-5395-01A-01_WGS133196718111_CNV8593,TCGA-LGG,1,chr9:90001355-90001887
TCGA-IK-7675-01A-11_WGS269391951320_CNV13457,TCGA-LGG,4,chr9:101760189-102548050
TCGA-06-0744-01A-01_WGS198281477914_CNV16762,TCGA-GBM,10,chr9:102644329-102948997
TCGA-06-0744-01A-01_WGS198281477914_CNV16762,TCGA-GBM,6,chr9:103536604-103801852
TCGA-06-0744-01A-01_WGS198281477914_CNV16762,TCGA-GBM,7,chr9:104058293-104313928
TCGA-06-5411-01A-01_WGS187991727478_CNV6672,TCGA-GBM,4,chr9:105452240-105452400
TCGA-DU-7010-01A-11_WGS19533072962_CNV24620,TCGA-LGG,4,chr9:108939097-108944135
TCGA-27-2528-01A-01_WGS161355409377_CNV14959,TCGA-GBM,6,chr9:110953050-110954663
TCGA-02-2483-01A-01_WGS185258413619_CNV17405,TCGA-GBM,4,chr1:9588162-9981194
TCGA-14-2554-01A-01_WGS170847059960_CNV17135,TCGA-GBM,3,chr1:11754100-15799427
TCGA-14-1823-01A-01_WGS183187225552_CNV16154,TCGA-GBM,1,chr1:83795311-83795924
TCGA-06-2557-01A-01_WGS153581772822_CNV12850,TCGA-GBM,2,chr1:83869486-83880374
TCGA-06-2557-01A-01_WGS153581772822_CNV12850,TCGA-GBM,2,chr1:83906015-83906595
TCGA-06-2557-01A-01_WGS153581772822_CNV12850,TCGA-GBM,2,chr1:83931895-83965636
TCGA-19-5960-01A-11_WGS201448065239_CNV18602,TCGA-GBM,3,chr1:105592946-105593696
TCGA-19-2620-01A-01_WGS194803658213_CNV13743,TCGA-GBM,1,chr1:110075607-110080809
TCGA-06-2557-01A-01_WGS153581772822_CNV12850,TCGA-GBM,2,chr1:148175098-148195678
TCGA-19-2620-01A-01_WGS194803658213_CNV13743,TCGA-GBM,2,chr1:148193733-148214322
TCGA-14-1823-01A-01_WGS183187225552_CNV16154,TCGA-GBM,1,chr1:148175066-148215679
TCGA-19-5960-01A-11_WGS201448065239_CNV18602,TCGA-GBM,2,chr1:153958148-153958732
TCGA-06-5411-01A-01_WGS187991727478_CNV6672,TCGA-GBM,2,chr1:156468444-158932996
TCGA-CS-4941-01A-01_WGS29623634762_CNV9506,TCGA-LGG,2,chr1:188448222-188448304
TCGA-HT-A61B-01A-11_WGS226879757338_CNV20422,TCGA-LGG,2,chr1:188448222-188448304
TCGA-CS-5395-01A-01_WGS133196718111_CNV8593,TCGA-LGG,1,chr1:202621727-202822258
TCGA-DU-6403-01A-11_WGS18622166897_CNV9069,TCGA-LGG,2,chr1:203686746-204813205
TCGA-06-0210-01A-01_WGS305000218103_CNV12698,TCGA-GBM,1,chr1:203177968-204957662
TCGA-FG-6688-01A-11_WGS11382188140_CNV5058,TCGA-LGG,2,chr1:202432312-204986664
TCGA-06-5411-01A-01_WGS187991727478_CNV6672,TCGA-GBM,2,chr1:203179285-205069826
TCGA-CS-5395-01A-01_WGS133196718111_CNV8593,TCGA-LGG,2,chr1:203252441-205116546
TCGA-DU-7292-01A-11_WGS20082704985_CNV8809,TCGA-LGG,2,chr1:203099713-205252887
TCGA-06-0157-01A-01_WGS175842644203_CNV8730,TCGA-GBM,4,chr1:203934006-205333036
TCGA-06-5411-01A-01_WGS187991727478_CNV6672,TCGA-GBM,2,chr1:205229142-205429716
TCGA-CS-5395-01A-01_WGS133196718111_CNV8593,TCGA-LGG,1,chr1:209815408-210367751
TCGA-DU-7018-01A-11_WGS15631738421_CNV4508,TCGA-LGG,1,chr1:210698022-210698084
TCGA-CS-6290-01A-11_WGS29483409694_CNV5672,TCGA-LGG,2,chr1:211300063-211300393
TCGA-DU-7010-01A-11_WGS19533072962_CNV24620,TCGA-LGG,5,chr1:225844039-225844496
TCGA-CS-5395-01A-01_WGS133196718111_CNV8593,TCGA-LGG,1,chr1:226361346-228123549
TCGA-06-0125-01A-01_WGS335134030397_CNV37585,TCGA-GBM,2,chr1:228901241-228910949
TCGA-06-0125-01A-01_WGS335134030397_CNV37585,TCGA-GBM,1,chr1:229194895-229195093
TCGA-FG-6689-01A-11_WGS12547618546_CNV4706,TCGA-LGG,2,chr1:230452322-230452452
TCGA-FG-5964-01A-11_WGS148756590350_CNV6334,TCGA-LGG,4,chr1:230452322-230452452
TCGA-DU-7010-01A-11_WGS19533072962_CNV24620,TCGA-LGG,5,chr1:242587965-242588422
TCGA-DU-7007-01A-11_WGS15045410161_CNV5518,TCGA-LGG,1,chr12:196104-396553
TCGA-06-0157-01A-01_WGS175842644203_CNV8730,TCGA-GBM,3,chr12:3159148-4532076
TCGA-26-5132-01A-01_WGS193256276301_CNV13822,TCGA-GBM,6,chr12:4265304-4716901
TCGA-DB-5273-01A-01_WGS25847448889_CNV5326,TCGA-LGG,1,chr12:1-5070403
TCGA-26-5132-01A-01_WGS193256276301_CNV13822,TCGA-GBM,4,chr12:7946898-8147540
TCGA-DU-7007-01A-11_WGS15045410161_CNV5518,TCGA-LGG,1,chr12:649460-14661577
TCGA-CS-4941-01A-01_WGS29623634762_CNV9506,TCGA-LGG,4,chr12:37793967-37994387
TCGA-HT-A61B-01A-11_WGS226879757338_CNV20422,TCGA-LGG,4,chr12:37793967-37994387
TCGA-26-5132-01A-01_WGS193256276301_CNV13822,TCGA-GBM,6,chr12:39641593-39942812
TCGA-CS-4941-01A-01_WGS29623634762_CNV9506,TCGA-LGG,4,chr12:40055265-40493609
TCGA-HT-A61B-01A-11_WGS226879757338_CNV20422,TCGA-LGG,4,chr12:40055265-40493609
TCGA-DU-7007-01A-11_WGS15045410161_CNV5518,TCGA-LGG,1,chr12:19188815-40636061
TCGA-26-5132-01A-01_WGS193256276301_CNV13822,TCGA-GBM,7,chr12:41538922-42069007
TCGA-06-5415-01A-01_WGS179968116204_CNV18987,TCGA-GBM,3,chr12:42490474-42490709
TCGA-19-5960-01A-11_WGS201448065239_CNV18602,TCGA-GBM,2,chr12:44399288-45936610
TCGA-06-0125-01A-01_WGS335134030397_CNV37585,TCGA-GBM,3,chr12:48441691-48441748
TCGA-IK-7675-01A-11_WGS269391951320_CNV13457,TCGA-LGG,2,chr12:54692400-55160710
TCGA-IK-7675-01A-11_WGS269391951320_CNV13457,TCGA-LGG,5,chr12:55402622-55413012
TCGA-DB-5278-01A-01_WGS161874250201_CNV5389,TCGA-LGG,2,chr12:55803121-55803668
TCGA-19-5960-01A-11_WGS201448065239_CNV18602,TCGA-GBM,2,chr12:56274324-56570625
TCGA-19-5960-01A-11_WGS201448065239_CNV18602,TCGA-GBM,2,chr12:57345003-57549453
TCGA-DU-7010-01A-11_WGS19533072962_CNV24620,TCGA-LGG,5,chr12:57474918-57722453
TCGA-DU-7010-01A-11_WGS19533072962_CNV24620,TCGA-LGG,5,chr12:58011963-58258571
TCGA-CS-4941-01A-01_WGS29623634762_CNV9506,TCGA-LGG,4,chr12:57996609-58376862
TCGA-HT-A61B-01A-11_WGS226879757338_CNV20422,TCGA-LGG,4,chr12:57996609-58376862
TCGA-19-5960-01A-11_WGS201448065239_CNV18602,TCGA-GBM,2,chr12:57930354-58400722
TCGA-IK-7675-01A-11_WGS269391951320_CNV13457,TCGA-LGG,1,chr12:57956762-58431802
TCGA-DU-6403-01A-11_WGS18622166897_CNV9069,TCGA-LGG,1,chr12:57904067-58631822
TCGA-06-0157-01A-01_WGS175842644203_CNV8730,TCGA-GBM,4,chr12:57833907-58811318
TCGA-DU-7010-01A-11_WGS19533072962_CNV24620,TCGA-LGG,5,chr12:58742847-59126884
TCGA-06-2570-01A-01_WGS183845965480_CNV10380,TCGA-GBM,1,chr12:57672720-59746377
TCGA-DU-7010-01A-11_WGS19533072962_CNV24620,TCGA-LGG,5,chr12:60456458-60697663
TCGA-41-5651-01A-01_WGS177781215536_CNV13530,TCGA-GBM,1,chr12:57127168-60879087
TCGA-CS-4941-01A-01_WGS29623634762_CNV9506,TCGA-LGG,4,chr12:60715271-60925731
TCGA-HT-A61B-01A-11_WGS226879757338_CNV20422,TCGA-LGG,4,chr12:60715271-60925731
TCGA-DU-7010-01A-11_WGS19533072962_CNV24620,TCGA-LGG,5,chr12:61510249-61725119
TCGA-FG-5964-01A-11_WGS148756590350_CNV6334,TCGA-LGG,2,chr12:62294414-62294869
TCGA-DU-7010-01A-11_WGS19533072962_CNV24620,TCGA-LGG,5,chr12:62461893-62662444
TCGA-DU-7010-01A-11_WGS19533072962_CNV24620,TCGA-LGG,5,chr12:64140232-64449934
TCGA-DU-7010-01A-11_WGS19533072962_CNV24620,TCGA-LGG,5,chr12:66515899-66764436
TCGA-CS-4941-01A-01_WGS29623634762_CNV9506,TCGA-LGG,4,chr12:66579496-66867626
TCGA-HT-A61B-01A-11_WGS226879757338_CNV20422,TCGA-LGG,4,chr12:66579496-66867626
TCGA-DU-7010-01A-11_WGS19533072962_CNV24620,TCGA-LGG,5,chr12:67444151-67687768
TCGA-26-5132-01A-01_WGS193256276301_CNV13822,TCGA-GBM,7,chr12:69024628-69445487
TCGA-CS-4941-01A-01_WGS29623634762_CNV9506,TCGA-LGG,5,chr12:69037548-71095045
TCGA-HT-A61B-01A-11_WGS226879757338_CNV20422,TCGA-LGG,5,chr12:69037548-71095045
TCGA-DU-7010-01A-11_WGS19533072962_CNV24620,TCGA-LGG,5,chr12:71210773-71430468
TCGA-26-5132-01A-01_WGS193256276301_CNV13822,TCGA-GBM,1,chr12:71487860-72346937
TCGA-DU-7010-01A-11_WGS19533072962_CNV24620,TCGA-LGG,5,chr12:73196107-73406564
TCGA-HT-7475-01A-11_WGS24908749731_CNV11614,TCGA-LGG,4,chr12:74014091-74014505
TCGA-26-5132-01A-01_WGS193256276301_CNV13822,TCGA-GBM,7,chr12:82131956-82475532
TCGA-19-5960-01A-11_WGS201448065239_CNV18602,TCGA-GBM,2,chr12:82493666-82791972
TCGA-26-5132-01A-01_WGS193256276301_CNV13822,TCGA-GBM,5,chr12:89347394-89615028
TCGA-26-5132-01A-01_WGS193256276301_CNV13822,TCGA-GBM,5,chr12:94497225-94497868
TCGA-FG-5963-01A-11_WGS23930448553_CNV40235,TCGA-LGG,4,chr12:98564256-98564904
TCGA-26-5132-01A-01_WGS193256276301_CNV13822,TCGA-GBM,5,chr12:101322376-101544291
TCGA-26-5132-01A-01_WGS193256276301_CNV13822,TCGA-GBM,3,chr12:101944911-102190363
TCGA-26-5132-01A-01_WGS193256276301_CNV13822,TCGA-GBM,5,chr12:111682298-111929087
TCGA-DU-6399-01A-12_WGS19012805422_CNV10805,TCGA-LGG,1,chr12:118935116-118937014
TCGA-DU-6542-01A-11_WGS11496633539_CNV25160,TCGA-LGG,2,chr12:119316698-119317196
TCGA-DB-5279-01A-01_WGS16810715649_CNV6668,TCGA-LGG,1,chr12:124855275-124855375
TCGA-26-5132-01A-01_WGS193256276301_CNV13822,TCGA-GBM,6,chr12:124656540-124894467
TCGA-06-5415-01A-01_WGS179968116204_CNV18987,TCGA-GBM,4,chr12:125218939-125229347
TCGA-26-5132-01A-01_WGS193256276301_CNV13822,TCGA-GBM,4,chr12:132991377-133191394
TCGA-06-0745-01A-01_WGS150268150035_CNV11663,TCGA-GBM,2,chr14:26769721-26769725
TCGA-06-0744-01A-01_WGS198281477914_CNV16762,TCGA-GBM,8,chr14:29727853-29728354
TCGA-DU-5870-01A-11_WGS218780955385_CNV4871,TCGA-LGG,3,chr14:50187526-50198095
TCGA-HT-7602-01A-21_WGS246051155281_CNV6369,TCGA-LGG,1,chr14:74423776-74423782
TCGA-E1-5318-01A-01_WGS178141590759_CNV10282,TCGA-LGG,1,chr14:74423776-74423782
TCGA-E1-5303-01A-01_WGS30574952029_CNV5578,TCGA-LGG,1,chr14:80877154-80877359
TCGA-06-0125-01A-01_WGS335134030397_CNV37585,TCGA-GBM,10,chr14:81134291-81136974
TCGA-CS-5396-01A-02_WGS17114098666_CNV6463,TCGA-LGG,3,chr14:100157790-100160380
TCGA-DU-6405-01A-11_WGS18996176418_CNV10077,TCGA-LGG,2,chr14:100160379-100162377
TCGA-06-0210-01A-01_WGS305000218103_CNV12698,TCGA-GBM,4,chr14:100395822-100419099
TCGA-06-5415-01A-01_WGS179968116204_CNV18987,TCGA-GBM,5,chr14:104862453-105352271
TCGA-E1-5307-01A-01_WGS8977707227_CNV9490,TCGA-LGG,2,chr5:10267221-10273643
TCGA-32-1970-01A-01_WGS155886788544_CNV21493,TCGA-GBM,13,chr5:27606301-27606929
TCGA-DB-5280-01A-01_WGS17597221558_CNV4205,TCGA-LGG,1,chr5:114787924-114789207
TCGA-DU-7010-01A-11_WGS19533072962_CNV24620,TCGA-LGG,5,chr5:117981413-117981870
TCGA-06-5411-01A-01_WGS187991727478_CNV6672,TCGA-GBM,1,chr5:123011040-123011043
TCGA-TM-A7CF-01A-11_WGS278560421425_CNV25539,TCGA-LGG,1,chr5:125201999-125202568
TCGA-02-2483-01A-01_WGS185258413619_CNV17405,TCGA-GBM,2,chr5:135066352-135067009
TCGA-FG-6689-01A-11_WGS12547618546_CNV4706,TCGA-LGG,1,chr5:164812407-164812705
TCGA-DH-A669-01A-12_WGS276064393429_CNV29361,TCGA-LGG,1,chr5:173694509-173694722
TCGA-06-0744-01A-01_WGS198281477914_CNV16762,TCGA-GBM,2,chr4:1583095-2110662
TCGA-CS-4941-01A-01_WGS29623634762_CNV9506,TCGA-LGG,1,chr4:32158468-32163993
TCGA-HT-A61B-01A-11_WGS226879757338_CNV20422,TCGA-LGG,1,chr4:32158468-32163993
TCGA-32-1970-01A-01_WGS155886788544_CNV21493,TCGA-GBM,13,chr4:34451406-34452034
TCGA-06-0190-01A-01_WGS343879403349_CNV10115,TCGA-GBM,2,chr4:54978080-54981676
TCGA-06-0210-01A-01_WGS305000218103_CNV12698,TCGA-GBM,1,chr4:54340556-55847618
TCGA-CS-5396-01A-02_WGS17114098666_CNV6463,TCGA-LGG,2,chr4:58857809-58858161
TCGA-HT-7689-01A-11_WGS154345101616_CNV8251,TCGA-LGG,2,chr4:61327311-61331617
TCGA-HT-7481-01A-11_WGS25282655462_CNV5213,TCGA-LGG,1,chr4:61329993-61331617
TCGA-FG-6688-01A-11_WGS11382188140_CNV5058,TCGA-LGG,1,chr4:65117871-65118025
TCGA-32-1970-01A-01_WGS155886788544_CNV21493,TCGA-GBM,13,chr4:95518092-95518720
TCGA-DU-7009-01A-11_WGS160266773765_CNV6824,TCGA-LGG,2,chr4:96541292-96544991
TCGA-06-0157-01A-01_WGS175842644203_CNV8730,TCGA-GBM,4,chr4:151369470-151369985
TCGA-06-0125-01A-01_WGS335134030397_CNV19272,TCGA-GBM,5,chr4:172656001-172656436
TCGA-HT-7468-01A-11_WGS17489395963_CNV7285,TCGA-LGG,1,chr20:1794931-1796313
TCGA-14-1823-01A-01_WGS183187225552_CNV16154,TCGA-GBM,1,chr20:25728288-25768901
TCGA-32-1970-01A-01_WGS155886788544_CNV21493,TCGA-GBM,13,chr20:25728668-25781134
TCGA-06-2557-01A-01_WGS153581772822_CNV12850,TCGA-GBM,2,chr20:25661610-25782189
TCGA-DU-7292-01A-11_WGS20082704985_CNV8809,TCGA-LGG,5,chr20:25631637-25862067
TCGA-06-2557-01A-01_WGS153581772822_CNV12850,TCGA-GBM,2,chr20:26035419-26055999
TCGA-14-1823-01A-01_WGS183187225552_CNV16154,TCGA-GBM,1,chr20:26047885-26088498
TCGA-06-2557-01A-01_WGS153581772822_CNV12850,TCGA-GBM,2,chr20:26068021-26088601
TCGA-32-1970-01A-01_WGS155886788544_CNV21493,TCGA-GBM,13,chr20:26048322-26088949
TCGA-DU-7292-01A-11_WGS20082704985_CNV8809,TCGA-LGG,5,chr20:25955360-26185791
TCGA-CS-4941-01A-01_WGS29623634762_CNV9506,TCGA-LGG,4,chr20:29474776-29475196
TCGA-HT-A61B-01A-11_WGS226879757338_CNV20422,TCGA-LGG,4,chr20:29474776-29475196
TCGA-CS-5395-01A-01_WGS133196718111_CNV8593,TCGA-LGG,3,chr20:31743321-31744470
TCGA-32-1970-01A-01_WGS155886788544_CNV21493,TCGA-GBM,9,chr20:46469457-46469975
TCGA-32-1970-01A-01_WGS155886788544_CNV21493,TCGA-GBM,10,chr20:46518177-46538231
TCGA-14-2554-01A-01_WGS170847059960_CNV17135,TCGA-GBM,1,chr20:46828433-46828865
TCGA-06-0190-01A-01_WGS343879403349_CNV10115,TCGA-GBM,3,chr20:57101367-57103847
TCGA-TQ-A8XE-01A-11_WGS233703948576_CNV12199,TCGA-LGG,1,chrX:4472533-4490532
TCGA-FG-5964-01A-11_WGS148756590350_CNV6334,TCGA-LGG,1,chrX:5910987-5911742
TCGA-06-2557-01A-01_WGS153581772822_CNV12850,TCGA-GBM,2,chrX:9446834-9447414
TCGA-DB-5278-01A-01_WGS161874250201_CNV5389,TCGA-LGG,3,chrX:9888178-9888242
TCGA-06-0210-01A-01_WGS305000218103_CNV12698,TCGA-GBM,1,chrX:11692809-11693308
TCGA-06-0157-01A-01_WGS175842644203_CNV8730,TCGA-GBM,4,chrX:19254428-19254943
TCGA-06-0210-01A-01_WGS305000218103_CNV12698,TCGA-GBM,1,chrX:30639532-30640031
TCGA-HT-7475-01A-11_WGS24908749731_CNV11614,TCGA-LGG,3,chrX:50371675-50372898
TCGA-DU-7292-01A-11_WGS20082704985_CNV8809,TCGA-LGG,4,chrX:50638782-50639531
TCGA-DU-6403-01A-11_WGS18622166897_CNV9069,TCGA-LGG,3,chrX:53053928-53054403
TCGA-E1-5307-01A-01_WGS8977707227_CNV9490,TCGA-LGG,1,chrX:54008997-54576843
TCGA-DU-6403-01A-11_WGS18622166897_CNV9069,TCGA-LGG,3,chrX:63915066-63915541
TCGA-FG-7636-01A-11_WGS9747531337_CNV12138,TCGA-LGG,1,chrX:75523850-75527438
TCGA-06-2570-01A-01_WGS183845965480_CNV10380,TCGA-GBM,1,chrX:76361403-76362001
TCGA-DU-6542-01A-11_WGS11496633539_CNV25160,TCGA-LGG,1,chrX:79205971-79210205
TCGA-06-0210-01A-01_WGS305000218103_CNV12698,TCGA-GBM,5,chrX:80970880-80970917
TCGA-DU-7008-01A-11_WGS18704079778_CNV10035,TCGA-LGG,1,chrX:81983051-81985379
TCGA-CS-4941-01A-01_WGS29623634762_CNV9506,TCGA-LGG,4,chrX:85008195-85008615
TCGA-HT-A61B-01A-11_WGS226879757338_CNV20422,TCGA-LGG,4,chrX:85008195-85008615
TCGA-CS-4941-01A-01_WGS29623634762_CNV9506,TCGA-LGG,4,chrX:85045219-85045639
TCGA-HT-A61B-01A-11_WGS226879757338_CNV20422,TCGA-LGG,4,chrX:85045219-85045639
TCGA-FN-7833-01A-11_WGS9522420914_CNV9067,TCGA-LGG,1,chrX:97605843-97608294
TCGA-HT-7476-01A-11_WGS22478413864_CNV11954,TCGA-LGG,1,chrX:102348282-102350675
TCGA-HT-7468-01A-11_WGS17489395963_CNV7285,TCGA-LGG,2,chrX:102348282-102350675
TCGA-CS-6290-01A-11_WGS29483409694_CNV5672,TCGA-LGG,1,chrX:110297272-110297310
TCGA-FG-5964-01A-11_WGS148756590350_CNV6334,TCGA-LGG,3,chrX:110297272-110297310
TCGA-DU-6397-01A-11_WGS231594682782_CNV8188,TCGA-LGG,1,chrX:110297272-110297826
TCGA-DU-6399-01A-12_WGS19012805422_CNV10805,TCGA-LGG,3,chrX:110297309-110297826
TCGA-HT-7475-01A-11_WGS24908749731_CNV11614,TCGA-LGG,4,chrX:113957575-113957989
TCGA-19-2629-01A-01_WGS203493226125_CNV9748,TCGA-GBM,4,chrX:116851694-116851822
TCGA-26-5135-01A-01_WGS201001086603_CNV17058,TCGA-GBM,4,chrX:116851694-116851822
TCGA-IK-7675-01A-11_WGS269391951320_CNV13457,TCGA-LGG,3,chrX:131216453-131216684
TCGA-19-2629-01A-01_WGS203493226125_CNV9748,TCGA-GBM,1,chrX:131216453-131216684
TCGA-26-5135-01A-01_WGS201001086603_CNV17058,TCGA-GBM,1,chrX:131216453-131216684
TCGA-06-5411-01A-01_WGS187991727478_CNV6672,TCGA-GBM,2,chrX:135673043-135673617
TCGA-06-0157-01A-01_WGS175842644203_CNV8730,TCGA-GBM,4,chrX:143761128-143761643
TCGA-CS-5395-01A-01_WGS133196718111_CNV8593,TCGA-LGG,4,chrX:151150031-151150133
TCGA-HW-7489-01A-11_WGS23715414905_CNV8120,TCGA-LGG,2,chrX:152883726-152889190
TCGA-19-2629-01A-01_WGS203493226125_CNV9748,TCGA-GBM,2,chr16:25903162-25903710
TCGA-26-5135-01A-01_WGS201001086603_CNV17058,TCGA-GBM,2,chr16:25903162-25903710
TCGA-14-1034-01A-01_WGS306559651167_CNV8649,TCGA-GBM,1,chr16:57117989-57118208
TCGA-06-0125-01A-01_WGS335134030397_CNV19272,TCGA-GBM,9,chr16:57117989-57118208
TCGA-DU-7010-01A-11_WGS19533072962_CNV24620,TCGA-LGG,6,chr16:86771068-86771845
TCGA-FG-7643-01A-11_WGS279600372050_CNV5195,TCGA-LGG,1,chr13:22484410-22484460
TCGA-DU-5870-01A-11_WGS218780955385_CNV4871,TCGA-LGG,8,chr13:28447846-28448666
TCGA-DU-5870-01A-11_WGS218780955385_CNV4871,TCGA-LGG,9,chr13:49609017-49614231
TCGA-19-5960-01A-11_WGS201448065239_CNV18602,TCGA-GBM,4,chr13:76615910-76615971
TCGA-19-2629-01A-01_WGS203493226125_CNV9748,TCGA-GBM,3,chr13:82986376-82999488
TCGA-26-5135-01A-01_WGS201001086603_CNV17058,TCGA-GBM,3,chr13:82986376-82999488
TCGA-14-1823-01A-01_WGS183187225552_CNV16154,TCGA-GBM,1,chr13:84404009-84404622
TCGA-EZ-7264-01A-11_WGS162146634576_CNV4411,TCGA-LGG,1,chr13:95253385-95254031
TCGA-06-0210-01A-01_WGS305000218103_CNV12698,TCGA-GBM,3,chr13:103498984-103836012
TCGA-06-2570-01A-01_WGS183845965480_CNV10380,TCGA-GBM,3,chr13:107384237-107384710
TCGA-06-0210-01A-01_WGS305000218103_CNV12698,TCGA-GBM,2,chr13:108599123-109674994
TCGA-FG-5963-01A-11_WGS23930448553_CNV40235,TCGA-LGG,1,chr13:112171023-112171113
TCGA-06-0210-01A-01_WGS305000218103_CNV12698,TCGA-GBM,3,chr13:112590637-112830828
TCGA-HW-7489-01A-11_WGS23715414905_CNV8120,TCGA-LGG,1,chr10:6398979-6398984
TCGA-HT-7602-01A-21_WGS246051155281_CNV6369,TCGA-LGG,2,chr10:14640712-14640746
TCGA-DU-7007-01A-11_WGS15045410161_CNV5518,TCGA-LGG,1,chr10:27775412-27775861
TCGA-02-2483-01A-01_WGS185258413619_CNV17405,TCGA-GBM,4,chr10:64955517-65212708
TCGA-02-2483-01A-01_WGS185258413619_CNV17405,TCGA-GBM,4,chr10:70458319-70769244
TCGA-02-2483-01A-01_WGS185258413619_CNV17405,TCGA-GBM,4,chr10:73924180-74357119
TCGA-02-2483-01A-01_WGS185258413619_CNV17405,TCGA-GBM,5,chr10:83024104-83131772
TCGA-02-2483-01A-01_WGS185258413619_CNV17405,TCGA-GBM,3,chr10:83136137-83236794
TCGA-02-2483-01A-01_WGS185258413619_CNV17405,TCGA-GBM,4,chr10:102866916-103079752
TCGA-02-2483-01A-01_WGS185258413619_CNV17405,TCGA-GBM,1,chr10:103236102-103516230
TCGA-02-2483-01A-01_WGS185258413619_CNV17405,TCGA-GBM,4,chr10:108233493-108434150
TCGA-DU-5870-01A-11_WGS218780955385_CNV4871,TCGA-LGG,5,chr10:113443397-113452069
TCGA-02-2483-01A-01_WGS185258413619_CNV17405,TCGA-GBM,4,chr10:121052199-121265595
TCGA-DU-5870-01A-11_WGS218780955385_CNV4871,TCGA-LGG,6,chr10:123410960-123411676
TCGA-02-2483-01A-01_WGS185258413619_CNV17405,TCGA-GBM,3,chr10:123127184-123466342
TCGA-02-2483-01A-01_WGS185258413619_CNV17405,TCGA-GBM,4,chr10:126042147-126277577
TCGA-02-2483-01A-01_WGS185258413619_CNV17405,TCGA-GBM,4,chr10:127630508-127831165
TCGA-02-2483-01A-01_WGS185258413619_CNV17405,TCGA-GBM,1,chr10:128476738-128900627
TCGA-DU-5870-01A-11_WGS218780955385_CNV4871,TCGA-LGG,7,chr10:130145238-130150738
TCGA-02-2483-01A-01_WGS185258413619_CNV17405,TCGA-GBM,4,chr10:130688493-130898526
TCGA-02-2483-01A-01_WGS185258413619_CNV17405,TCGA-GBM,4,chr10:131466275-131692128
TCGA-FG-A4MT-01A-11_WGS239406110126_CNV5909,TCGA-LGG,1,chr17:10047611-10048351
TCGA-19-5960-01A-11_WGS201448065239_CNV18602,TCGA-GBM,10,chr17:28120960-28121057
TCGA-HT-7689-01A-11_WGS154345101616_CNV8251,TCGA-LGG,3,chr17:28734002-28737971
TCGA-19-5960-01A-11_WGS201448065239_CNV18602,TCGA-GBM,9,chr17:29371795-29438154
TCGA-06-0125-01A-01_WGS335134030397_CNV19272,TCGA-GBM,10,chr17:67294517-67295276
TCGA-E1-5319-01A-01_WGS130912079762_CNV5397,TCGA-LGG,1,chr17:76230687-76231295
TCGA-19-2624-01A-01_WGS154894291754_CNV12128,TCGA-GBM,1,chr17:76230687-76231295
TCGA-06-0744-01A-01_WGS198281477914_CNV16762,TCGA-GBM,9,chr17:77467778-77467959
TCGA-14-1823-01A-01_WGS183187225552_CNV16154,TCGA-GBM,5,chr17:78054101-78054244
TCGA-DH-5143-01A-01_WGS35035087757_CNV3596,TCGA-LGG,1,chr17:80571694-80571933
TCGA-06-5411-01A-01_WGS187991727478_CNV6672,TCGA-GBM,2,chr8:20360650-20361224
TCGA-DU-7010-01A-11_WGS19533072962_CNV24620,TCGA-LGG,5,chr8:28252383-28252840
TCGA-HT-7604-01A-11_WGS7382543378_CNV9488,TCGA-LGG,2,chr8:34195808-43033372
TCGA-HT-7689-01A-11_WGS154345101616_CNV8251,TCGA-LGG,1,chr8:49913378-49919789
TCGA-DU-7009-01A-11_WGS160266773765_CNV6824,TCGA-LGG,1,chr8:90333734-90333857
TCGA-HT-7475-01A-11_WGS24908749731_CNV11614,TCGA-LGG,5,chr8:98926354-98926768
TCGA-HT-7475-01A-11_WGS24908749731_CNV11614,TCGA-LGG,5,chr8:101216409-101256822
TCGA-HT-7475-01A-11_WGS24908749731_CNV11614,TCGA-LGG,5,chr8:102532392-102532806
TCGA-HT-7475-01A-11_WGS24908749731_CNV11614,TCGA-LGG,5,chr8:104525747-104546161
TCGA-HT-7604-01A-11_WGS7382543378_CNV9488,TCGA-LGG,2,chr8:134961623-135162121
TCGA-HT-7604-01A-11_WGS7382543378_CNV9488,TCGA-LGG,2,chr8:135358417-135558914
TCGA-HT-7604-01A-11_WGS7382543378_CNV9488,TCGA-LGG,2,chr8:136120167-136320664
TCGA-HT-7604-01A-11_WGS7382543378_CNV9488,TCGA-LGG,2,chr8:137063994-137264491
TCGA-HT-7475-01A-11_WGS24908749731_CNV11614,TCGA-LGG,5,chr8:108086598-138997129
TCGA-02-2483-01A-01_WGS185258413619_CNV17405,TCGA-GBM,2,chr8:110710472-145122093
TCGA-HT-7475-01A-11_WGS24908749731_CNV11614,TCGA-LGG,5,chr8:139203212-146364022
TCGA-02-2483-01A-01_WGS185258413619_CNV17405,TCGA-GBM,4,chr18:421475-422132
TCGA-FG-5964-01A-11_WGS148756590350_CNV6334,TCGA-LGG,5,chr18:12918262-12925949
TCGA-DU-6392-01A-11_WGS16463342614_CNV7481,TCGA-LGG,3,chr18:44979574-44983047
TCGA-06-5411-01A-01_WGS187991727478_CNV6672,TCGA-GBM,2,chr15:29464856-29465430
TCGA-06-2557-01A-01_WGS153581772822_CNV12850,TCGA-GBM,3,chr15:33993142-33993483
TCGA-DU-5849-01A-11_WGS34155857183_CNV6968,TCGA-LGG,3,chr15:46020693-46024354
TCGA-DB-5278-01A-01_WGS161874250201_CNV5389,TCGA-LGG,1,chr15:48111459-48113302
TCGA-14-1823-01A-01_WGS183187225552_CNV16154,TCGA-GBM,4,chr15:88912488-88915914
TCGA-06-5415-01A-01_WGS179968116204_CNV18987,TCGA-GBM,1,chr21:18424749-18425043
TCGA-06-0157-01A-01_WGS175842644203_CNV8730,TCGA-GBM,2,chr21:38509621-38510269
TCGA-HT-7604-01A-11_WGS7382543378_CNV9488,TCGA-LGG,1,chr21:44383251-44387473
TCGA-DU-6403-01A-11_WGS18622166897_CNV9069,TCGA-LGG,1,chr22:24346786-25127309
TCGA-HT-7604-01A-11_WGS7382543378_CNV9488,TCGA-LGG,3,chr22:25341926-25342472
TCGA-06-0125-01A-01_WGS335134030397_CNV19272,TCGA-GBM,8,chr22:48835844-48836284
TCGA-DU-6403-01A-11_WGS18622166897_CNV9069,TCGA-LGG,3,chr11:74509064-74509539
TCGA-CS-4941-01A-01_WGS29623634762_CNV9506,TCGA-LGG,4,chrY:23319196-23319616
TCGA-HT-A61B-01A-11_WGS226879757338_CNV20422,TCGA-LGG,4,chrY:23319196-23319616
